{"Idle":{"Frame0":[1.0,117.0,112.0,1.0],"Frame1":[113.0,117.0,224.0,1.0],"NumFrames":2,"Repeating":true,"SecsPerFrame":0.800000011920929},"Jump":{"Frame0":[225.0,117.0,336.0,1.0],"Frame1":[337.0,117.0,448.0,1.0],"Frame2":[449.0,117.0,560.0,1.0],"Frame3":[561.0,117.0,672.0,1.0],"NumFrames":4,"Repeating":true,"SecsPerFrame":0.800000011920929},"Left":{"Frame0":[673.0,117.0,784.0,1.0],"Frame1":[785.0,117.0,896.0,1.0],"Frame2":[897.0,117.0,1008.0,1.0],"Frame3":[1009.0,117.0,1120.0,1.0],"Frame4":[1121.0,117.0,1232.0,1.0],"NumFrames":5,"Repeating":true,"SecsPerFrame":0.800000011920929},"Right":{"Frame0":[1233.0,117.0,1344.0,1.0],"Frame1":[1345.0,117.0,1456.0,1.0],"Frame2":[1457.0,117.0,1568.0,1.0],"Frame3":[1569.0,117.0,1680.0,1.0],"NumFrames":4,"Repeating":true,"SecsPerFrame":0.800000011920929}}