{
  "BunnyRight": {
    "Frame0": [ 1.0, 16.0, 16.0, 1.0 ],
    "Frame1": [ 17.0, 16.0, 32.0, 1.0 ],
    "Frame2": [ 33.0, 16.0, 48.0, 1.0 ],
    "Frame3": [ 49.0, 16.0, 64.0, 1.0 ],
    "Frame4": [ 65.0, 16.0, 80.0, 1.0 ],
    "Frame5": [ 81.0, 16.0, 96.0, 1.0 ],
    "Frame6": [ 97.0, 16.0, 112.0, 1.0 ],
    "NumFrames": 7,
    "Repeating": true,
    "SecsPerFrame": 0.100000011920929
  },
  "BunnyLeft": {
    "Frame0": [ 1.0, 32.0, 16.0, 17.0 ],
    "Frame1": [ 17.0, 32.0, 32.0, 17.0 ],
    "Frame2": [ 33.0, 32.0, 48.0, 17.0 ],
    "Frame3": [ 49.0, 32.0, 64.0, 17.0 ],
    "Frame4": [ 65.0, 32.0, 80.0, 17.0 ],
    "Frame5": [ 81.0, 32.0, 96.0, 17.0 ],
    "Frame6": [ 97.0, 32.0, 112.0, 17.0 ],
    "NumFrames": 7,
    "Repeating": true,
    "SecsPerFrame": 0.100000011920929
  }
}