{
  "Dash": {
    "Frame0": [ 1.0, 16.0, 11.0, 1.0 ],
    "Frame1": [ 12.0, 16.0, 22.0, 1.0 ],
    "Frame2": [ 23.0, 16.0, 34.0, 1.0 ],
    "Frame3": [ 45.0, 16.0, 55.0, 1.0 ],
    "NumFrames": 4,
    "Repeating": true,
    "SecsPerFrame": 0.800000011920929
  },
  "IdleLeft": {
    "Frame0": [ 11.0, 48.0, 0.0, 33.0 ],
    "Frame1": [ 22.0, 48.0, 11.0, 33.0 ],
    "Frame2": [ 33.0, 48.0, 22.0, 33.0 ],
    "Frame3": [ 44.0, 48.0, 33.0, 33.0 ],
    "Frame4": [ 55.0, 48.0, 44.0, 33.0 ],
    "NumFrames": 5,
    "Repeating": true,
    "SecsPerFrame": 0.800000011920929
  },
  "IdleRight": {
    "Frame0": [ 0.0, 48.0, 11.0, 33.0 ],
    "Frame1": [ 11.0, 48.0, 22.0, 33.0 ],
    "Frame2": [ 22.0, 48.0, 33.0, 33.0 ],
    "Frame3": [ 33.0, 48.0, 44.0, 33.0 ],
    "Frame4": [ 44.0, 48.0, 55.0, 33.0 ],
    "NumFrames": 5,
    "Repeating": true,
    "SecsPerFrame": 0.800000011920929
  },
  "JumpLeft": {
    "Frame0": [ 11.0, 32.0, 0.0, 16.0 ],
    "Frame1": [ 22.0, 32.0, 11.0, 16.0 ],
    "Frame2": [ 33.0, 32.0, 22.0, 16.0 ],
    "Frame3": [ 44.0, 32.0, 33.0, 16.0 ],
    "NumFrames": 4,
    "Repeating": true,
    "SecsPerFrame": 0.500000011920929
  },
  "JumpRight": {
    "Frame0": [ 0.0, 32.0, 11.0, 16.0 ],
    "Frame1": [ 11.0, 32.0, 22.0, 16.0 ],
    "Frame2": [ 22.0, 32.0, 33.0, 16.0 ],
    "Frame3": [ 33.0, 32.0, 44.0, 16.0 ],
    "NumFrames": 4,
    "Repeating": true,
    "SecsPerFrame": 0.500000011920929
  },
  "WalkingLeft": {
    "Frame0": [ 10.0, 64.0, 0.0, 49.0 ],
    "Frame1": [ 21.0, 64.0, 11.0, 49.0 ],
    "Frame2": [ 32.0, 64.0, 22.0, 49.0 ],
    "Frame3": [ 43.0, 64.0, 33.0, 49.0 ],
    "Frame4": [ 54.0, 64.0, 44.0, 49.0 ],
    "Frame5": [ 66.0, 64.0, 55.0, 49.0 ],
    "NumFrames": 6,
    "Repeating": true,
    "SecsPerFrame": 0.400000011920929
  },
  "WalkingRight": {
    "Frame0": [ 0.0, 64.0, 10.0, 49.0 ],
    "Frame1": [ 11.0, 64.0, 21.0, 49.0 ],
    "Frame2": [ 22.0, 64.0, 32.0, 49.0 ],
    "Frame3": [ 33.0, 64.0, 43.0, 49.0 ],
    "Frame4": [ 44.0, 64.0, 54.0, 49.0 ],
    "Frame5": [ 55.0, 64.0, 66.0, 49.0 ],
    "NumFrames": 6,
    "Repeating": true,
    "SecsPerFrame": 0.400000011920929
  }
}