{
  "Down": {
    "Frame0": [ 1.0, 256.0, 128.0, 129.0 ],
    "Frame1": [ 129.0, 256.0, 256.0, 129.0 ],
    "Frame2": [ 257.0, 256.0, 384.0, 129.0 ],
    "Frame3": [ 385.0, 256.0, 512.0, 129.0 ],
    "NumFrames": 4,
    "Repeating": true,
    "SecsPerFrame": 0.800000011920929
  },
  "Rising": {
    "Frame0": [ 1.0, 128.0, 128.0, 1.0 ],
    "Frame1": [ 129.0, 128.0, 256.0, 1.0 ],
    "Frame2": [ 257.0, 128.0, 384.0, 1.0 ],
    "Frame3": [ 385.0, 128.0, 640.0, 1.0 ],
    "Frame4": [ 513.0, 128.0, 640.0, 1.0 ],
    "Frame5": [ 641.0, 128.0, 768.0, 1.0 ],
    "Frame6": [ 769.0, 128.0, 896.0, 1.0 ],
    "Frame7": [ 897.0, 128.0, 1024.0, 1.0 ],
    "NumFrames": 8,
    "Repeating": false,
    "SecsPerFrame": 0.800000011920929
  },
  "Top": {
    "Frame0": [ 1.0, 384.0, 128.0, 257.0 ],
    "Frame1": [ 129.0, 384.0, 256.0, 257.0 ],
    "Frame2": [ 257.0, 384.0, 384.0, 257.0 ],
    "Frame3": [ 385.0, 384.0, 512.0, 257.0 ],
    "NumFrames": 4,
    "Repeating": true,
    "SecsPerFrame": 0.300000011920929
  }
}